10,40,21,92.8666
10,50,31,22.2363
10,60,41,8.844
10,70,51,4.6467
10,80,61,2.8826
10,90,71,1.989
10,100,81,1.4751
10,110,91,1.1516
10,120,101,0.9336
10,130,111,0.7791
10,140,121,0.6648
10,150,131,0.5777
10,160,141,0.5093
10,170,151,0.4544
10,180,161,0.4096
10,190,171,0.3724
10,200,181,0.3411
10,210,191,0.3144
10,220,201,0.2914
10,230,211,0.2714
10,240,221,0.2538
10,250,231,0.2384
10,260,241,0.2246
10,270,251,0.2123
10,280,261,0.2012
10,290,271,0.1912
10,300,281,0.1821
10,310,291,0.1738
10,320,301,0.1663
10,330,311,0.1593
10,340,321,0.1529
10,350,331,0.147
10,360,341,0.1415
10,370,351,0.1364
10,380,361,0.1316
10,390,371,0.1272
10,400,381,0.123
10,410,391,0.1191
10,420,401,0.1154
10,430,411,0.112
10,440,421,0.1087
10,450,431,0.1057
10,460,441,0.1028
10,470,451,0.1
10,480,461,0.0974
10,490,471,0.0949
10,500,481,0.0926
10,510,491,0.0903
10,520,501,0.0882
10,530,511,0.0862
10,540,521,0.0842
10,550,531,0.0824
10,560,541,0.0806
10,570,551,0.0789
10,580,561,0.0772
10,590,571,0.0757
10,600,581,0.0741
10,610,591,0.0727
10,620,601,0.0713
10,630,611,0.07
10,640,621,0.0687
10,650,631,0.0674
10,660,641,0.0662
10,670,651,0.065
10,680,661,0.0639
10,690,671,0.0628
10,700,681,0.0618
10,710,691,0.0608
10,720,701,0.0598
10,730,711,0.0588
10,740,721,0.0579
10,750,731,0.057
10,760,741,0.0562
10,770,751,0.0553
10,780,761,0.0545
10,790,771,0.0537
10,800,781,0.053
10,810,791,0.0522
10,820,801,0.0515
10,830,811,0.0508
10,840,821,0.0501
10,850,831,0.0494
10,860,841,0.0488
10,870,851,0.0481
10,880,861,0.0475
10,890,871,0.0469
10,900,881,0.0463
10,910,891,0.0457
10,920,901,0.0452
10,930,911,0.0446
10,940,921,0.0441
10,950,931,0.0436
10,960,941,0.0431
10,970,951,0.0426
10,980,961,0.0421
10,990,971,0.0416
10,1000,981,0.0412
20,80,41,52380.9334
20,90,51,10326.8834
20,100,61,2903.0531
20,110,71,1052.872
20,120,81,460.5358
20,130,91,231.942
20,140,101,130.1782
20,150,111,79.5277
20,160,121,51.9756
20,170,131,35.8705
20,180,141,25.8838
20,190,151,19.3792
20,200,161,14.9636
20,210,171,11.8588
20,220,181,9.6089
20,230,191,7.9354
20,240,201,6.662
20,250,211,5.6735
20,260,221,4.8925
20,270,231,4.2658
20,280,241,3.7559
20,290,251,3.3356
20,300,261,2.9855
20,310,271,2.6907
20,320,281,2.4402
20,330,291,2.2256
20,340,301,2.0403
20,350,311,1.8791
20,360,321,1.7381
20,370,331,1.6139
20,380,341,1.504
20,390,351,1.4062
20,400,361,1.3188
20,410,371,1.2402
20,420,381,1.1694
20,430,391,1.1053
20,440,401,1.047
20,450,411,0.9939
20,460,421,0.9454
20,470,431,0.9009
20,480,441,0.8599
20,490,451,0.8222
20,500,461,0.7872
20,510,471,0.7549
20,520,481,0.7248
20,530,491,0.6969
20,540,501,0.6708
20,550,511,0.6464
20,560,521,0.6236
20,570,531,0.6022
20,580,541,0.5821
20,590,551,0.5632
20,600,561,0.5454
20,610,571,0.5286
20,620,581,0.5127
20,630,591,0.4977
20,640,601,0.4835
20,650,611,0.47
20,660,621,0.4572
20,670,631,0.445
20,680,641,0.4334
20,690,651,0.4224
20,700,661,0.4118
20,710,671,0.4018
20,720,681,0.3922
20,730,691,0.383
20,740,701,0.3742
20,750,711,0.3658
20,760,721,0.3577
20,770,731,0.35
20,780,741,0.3426
20,790,751,0.3354
20,800,761,0.3286
20,810,771,0.322
20,820,781,0.3156
20,830,791,0.3095
20,840,801,0.3036
20,850,811,0.2979
20,860,821,0.2924
20,870,831,0.2872
20,880,841,0.282
20,890,851,0.2771
20,900,861,0.2723
20,910,871,0.2677
20,920,881,0.2632
20,930,891,0.2589
20,940,901,0.2546
20,950,911,0.2506
20,960,921,0.2466
20,970,931,0.2428
20,980,941,0.2391
20,990,951,0.2355
20,1000,961,0.2319
30,120,61,29501342.5271
30,130,71,5376408.7563
30,140,81,1278994.2004
30,150,91,376018.4551
30,160,101,131053.1672
30,170,111,52448.089
30,180,121,23513.8646
30,190,131,11583.1937
30,200,141,6174.3799
30,210,151,3518.0512
30,220,161,2121.5866
30,230,171,1343.2866
30,240,181,887.048
30,250,191,607.5876
30,260,201,429.6942
30,270,211,312.5505
30,280,221,233.0606
30,290,231,177.6614
30,300,241,138.119
30,310,251,109.2832
30,320,261,87.845
30,330,271,71.6256
30,340,281,59.1583
30,350,291,49.4357
30,360,301,41.7528
30,370,311,35.6078
30,380,321,30.638
30,390,331,26.5773
30,400,341,23.228
30,410,351,20.4411
30,420,361,18.1035
30,430,371,16.1278
30,440,381,14.4462
30,450,391,13.0057
30,460,401,11.764
30,470,411,10.6876
30,480,421,9.7496
30,490,431,8.9279
30,500,441,8.2048
30,510,451,7.5655
30,520,461,6.9981
30,530,471,6.4923
30,540,481,6.0399
30,550,491,5.6337
30,560,501,5.2679
30,570,511,4.9373
30,580,521,4.6376
30,590,531,4.3653
30,600,541,4.117
30,610,551,3.8902
30,620,561,3.6823
30,630,571,3.4915
30,640,581,3.3159
30,650,591,3.1539
30,660,601,3.0041
30,670,611,2.8655
30,680,621,2.7369
30,690,631,2.6173
30,700,641,2.506
30,710,651,2.4021
30,720,661,2.3051
30,730,671,2.2144
30,740,681,2.1294
30,750,691,2.0496
30,760,701,1.9746
30,770,711,1.9041
30,780,721,1.8377
30,790,731,1.775
30,800,741,1.7159
30,810,751,1.6599
30,820,761,1.607
30,830,771,1.5568
30,840,781,1.5093
30,850,791,1.4641
30,860,801,1.4212
30,870,811,1.3804
30,880,821,1.3416
30,890,831,1.3046
30,900,841,1.2693
30,910,851,1.2356
30,920,861,1.2034
30,930,871,1.1726
30,940,881,1.1432
30,950,891,1.115
30,960,901,1.0881
30,970,911,1.0622
30,980,921,1.0374
30,990,931,1.0136
30,1000,941,0.9907
40,160,81,16617339523.4235
40,170,91,2903958664.4034
40,180,101,627715329.1546
40,190,111,162173487.6795
40,200,121,48703172.7227
40,210,131,16620749.3717
40,220,141,6327001.8082
40,230,151,2645808.6537
40,240,161,1200130.0781
40,250,171,584276.3545
40,260,181,302606.5353
40,270,191,165485.218
40,280,201,94951.8517
40,290,211,56853.5685
40,300,221,35359.2716
40,310,231,22750.9596
40,320,241,15091.7395
40,330,251,10289.8769
40,340,261,7192.2693
40,350,271,5141.6284
40,360,281,3751.7027
40,370,291,2789.1114
40,380,301,2109.2021
40,390,311,1620.1937
40,400,321,1262.583
40,410,331,997.0173
40,420,341,796.9867
40,430,351,644.3254
40,440,361,526.3857
40,450,371,434.231
40,460,381,361.4591
40,470,391,303.4235
40,480,401,256.7117
40,490,411,218.7884
40,500,421,187.7498
40,510,431,162.1525
40,520,441,140.8912
40,530,451,123.1122
40,540,461,108.1507
40,550,471,95.4846
40,560,481,84.701
40,570,491,75.4708
40,580,501,67.5301
40,590,511,60.6659
40,600,521,54.7051
40,610,531,49.5065
40,620,541,44.9537
40,630,551,40.9511
40,640,561,37.4188
40,650,571,34.2906
40,660,581,31.5108
40,670,591,29.0325
40,680,601,26.8163
40,690,611,24.8285
40,700,621,23.0405
40,710,631,21.4279
40,720,641,19.9697
40,730,651,18.6477
40,740,661,17.4465
40,750,671,16.3524
40,760,681,15.3538
40,770,691,14.4402
40,780,701,13.6029
40,790,711,12.8338
40,800,721,12.1262
40,810,731,11.4739
40,820,741,10.8715
40,830,751,10.3143
40,840,761,9.798
40,850,771,9.3189
40,860,781,8.8736
40,870,791,8.4591
40,880,801,8.0728
40,890,811,7.7122
40,900,821,7.3752
40,910,831,7.0598
40,920,841,6.7642
40,930,851,6.487
40,940,861,6.2266
40,950,871,5.9817
40,960,881,5.7512
40,970,891,5.534
40,980,901,5.3291
40,990,911,5.1356
40,1000,921,4.9527
50,200,101,9360569278318.838
50,210,111,1593685511183.0505
50,220,121,323772628877.4719
50,230,131,76669285932.767
50,240,141,20746295200.4161
50,250,151,6308317442.7754
50,260,161,2124985048.4252
50,270,171,783425966.9681
50,280,181,312847495.0916
50,290,191,134118892.9012
50,300,201,61253866.7933
50,310,211,29605733.7095
50,320,221,15055947.0041
50,330,231,8015712.0437
50,340,241,4447975.4972
50,350,251,2562630.6187
50,360,261,1527669.2195
50,370,271,939463.6412
50,380,281,594392.5851
50,390,291,385987.2255
50,400,301,256716.1409
50,410,311,174536.221
50,420,321,121095.0245
50,430,331,85606.331
50,440,341,61577.2413
50,450,351,45011.4429
50,460,361,33397.8609
50,470,371,25127.9646
50,480,381,19152.6611
50,490,391,14776.1132
50,500,401,11529.4553
50,510,411,9092.0503
50,520,421,7241.5598
50,530,431,5821.7784
50,540,441,4721.6025
50,550,451,3861.0841
50,560,461,3182.0585
50,570,471,2641.7678
50,580,481,2208.4692
50,590,491,1858.3766
50,600,501,1573.5079
50,610,511,1340.1543
50,620,521,1147.7809
50,630,531,988.23
50,640,541,855.139
50,650,551,743.5109
50,660,561,649.3953
50,670,571,569.6495
50,680,581,501.7584
50,690,591,443.6974
50,700,601,393.8279
50,710,611,350.8164
50,720,621,313.5727
50,730,631,281.2007
50,740,641,252.9608
50,750,651,228.2394
50,760,661,206.5256
50,770,671,187.3922
50,780,681,170.4805
50,790,691,155.4881
50,800,701,142.1592
50,810,711,130.2767
50,820,721,119.6556
50,830,731,110.1377
50,840,741,101.5876
50,850,751,93.8887
50,860,761,86.9404
50,870,771,80.6557
50,880,781,74.9591
50,890,791,69.7849
50,900,801,65.076
50,910,811,60.7823
50,920,821,56.8598
50,930,831,53.27
50,940,841,49.9791
50,950,851,46.957
50,960,861,44.1773
50,970,871,41.6165
50,980,881,39.2536
50,990,891,37.0703
50,1000,901,35.0499
60,240,121,5272948800969638.0
60,250,131,881920371228235.5
60,260,141,171560703413711.03
60,270,151,38160388395717.18
60,280,161,9562887453529.877
60,290,171,2665405570947.639
60,300,181,817097766895.0198
60,310,191,272821308859.5405
60,320,201,98370232715.7381
60,330,211,38016611952.3209
60,340,221,15643805396.7092
60,350,231,6814647106.9136
60,360,241,3126372406.0297
60,370,251,1503666129.9202
60,380,261,755112708.2651
60,390,271,394501752.8477
60,400,281,213725622.659
60,410,291,119722058.5334
60,420,301,69162228.1988
60,430,311,41107468.4599
60,440,321,25084667.2774
60,450,331,15685500.4943
60,460,341,10033098.9413
60,470,351,6554382.125
60,480,361,4366797.8647
60,490,371,2963184.2331
60,500,381,2045488.6218
60,510,391,1434831.5399
60,520,401,1021720.883
60,530,411,737885.1246
60,540,421,540007.8158
60,550,431,400151.8029
60,560,441,300018.3408
60,570,451,227445.7113
60,580,461,174238.7872
60,590,471,134802.8071
60,600,481,105270.7748
60,610,491,82938.3924
60,620,501,65893.3197
60,630,511,52768.8824
60,640,521,42578.5078
60,650,531,34603.1656
60,660,541,28314.0172
60,670,551,23318.7133
60,680,561,19323.7433
60,690,571,16107.7905
60,700,581,13502.707
60,710,591,11379.8119
60,720,601,9639.9433
60,730,611,8206.1776
60,740,621,7018.4614
60,750,631,6029.6246
60,760,641,5202.3992
60,770,651,4507.1743
60,780,661,3920.2953
60,790,671,3422.7675
60,800,681,2999.2615
60,810,691,2637.3465
60,820,701,2326.8949
60,830,711,2059.6191
60,840,721,1828.7079
60,850,731,1628.5397
60,860,741,1454.4567
60,870,751,1302.5845
60,880,761,1169.6879
60,890,771,1053.0562
60,900,781,950.41
60,910,791,859.826
60,920,801,779.6762
60,930,811,708.5781
60,940,821,645.3541
60,950,831,588.9982
60,960,841,538.6484
60,970,851,493.5642
60,980,861,453.1075
60,990,871,416.7272
60,1000,881,383.9462
70,280,141,2.970372114112646e+18
70,290,151,4.904360697737608e+17
70,300,161,9.239442872119333e+16
70,310,171,1.9605558332857956e+16
70,320,181,4632425946921970.0
70,330,191,1206500390410648.0
70,340,201,343263611420220.25
70,350,211,105836850463325.97
70,360,221,35112699972431.527
70,370,231,12455285842812.322
70,380,241,4697241360793.528
70,390,251,1873816992336.299
70,400,261,787098050197.0684
70,410,271,346712878795.8355
70,420,281,159569208811.6849
70,430,291,76475209423.4768
70,440,301,38051991581.3239
70,450,311,19603542751.3713
70,460,321,10430775379.6039
70,470,331,5719329009.0445
70,480,341,3224990259.585
70,490,351,1866605682.7715
70,500,361,1107065184.5552
70,510,371,671750952.9856
70,520,381,416420530.368
70,530,391,263372011.8899
70,540,401,169742809.322
70,550,411,111354919.9757
70,560,421,74280213.5444
70,570,431,50334531.6323
70,580,441,34618035.6442
70,590,451,24144865.2643
70,600,461,17064801.9155
70,610,471,12213028.1627
70,620,481,8845126.8457
70,630,491,6478522.049
70,640,501,4796114.4631
70,650,511,3586839.3654
70,660,521,2708478.2822
70,670,531,2064077.7913
70,680,541,1586803.5207
70,690,551,1230092.1618
70,700,561,961172.9672
70,710,571,756757.9825
70,720,581,600144.2086
70,730,591,479245.1014
70,740,601,385240.2079
70,750,611,311640.0989
70,760,621,253633.0196
70,770,631,207624.4217
70,780,641,170909.7298
70,790,651,141439.9303
70,800,661,117652.3612
70,810,671,98347.6626
70,820,681,82599.6586
70,830,691,69688.904
70,840,701,59053.3578
70,850,711,50251.5367
70,860,721,42934.8206
70,870,731,36826.5158
70,880,741,31705.9334
70,890,751,27396.2174
70,900,761,23754.988
70,910,771,20667.1121
70,920,781,18039.0905
70,930,791,15794.6773
70,940,801,13871.4472
70,950,811,12218.0916
70,960,821,10792.2805
70,970,831,9558.9639
70,980,841,8489.0175
70,990,851,7558.158
70,1000,861,6746.0714
80,320,161,1.6732927155994994e+21
80,330,171,2.7358473420644234e+20
80,340,181,5.028624833085271e+19
80,350,191,1.0285663264448686e+19
80,360,201,2.3199515164378696e+18
80,370,211,5.723053484013125e+17
80,380,221,1.532762383292638e+17
80,390,231,4.427246952638204e+16
80,400,241,1.3708858414870398e+16
80,410,251,4526121234667041.0
80,420,261,1585556125830032.8
80,430,271,586733570354702.6
80,440,281,228431543708284.4
80,450,291,93226319051595.55
80,460,301,39750496566971.25
80,470,311,17654288090831.527
80,480,321,8144383493399.402
80,490,331,3892837534205.605
80,500,341,1923387244501.914
80,510,351,980246593791.9597
80,520,361,514307850812.9116
80,530,371,277299586791.9825
80,540,381,153388974281.5003
80,550,391,86914909081.6534
80,560,401,50377499669.4161
80,570,411,29830058452.2307
80,580,421,18022772861.4665
80,590,431,11098189272.593
80,600,441,6958145269.3714
80,610,451,4437367221.9564
80,620,461,2875786029.1862
80,630,471,1892442059.1294
80,640,481,1263523844.0357
80,650,491,855306230.0857
80,660,501,586597751.7391
80,670,511,407344644.9723
80,680,521,286237392.2176
80,690,531,203418090.8278
80,700,541,146124403.7759
80,710,551,106050056.0903
80,720,561,77723416.9477
80,730,571,57498363.3282
80,740,581,42918303.2884
80,750,591,32310538.845
80,760,601,24524555.5154
80,770,611,18761301.8673
80,780,621,14460641.8045
80,790,631,11226401.2734
80,800,641,8775963.2373
80,810,651,6906052.2875
80,820,661,5469298.9553
80,830,671,4358047.928
80,840,681,3493077.4494
80,850,691,2815676.9161
80,860,701,2282039.724
80,870,711,1859265.0329
80,880,721,1522486.1917
80,890,731,1252793.9663
80,900,741,1035724.475
80,910,751,860151.1201
80,920,761,717467.4766
80,930,771,600981.0774
80,940,781,505461.0218
80,950,791,426798.4563
80,960,801,361750.3647
80,970,811,307745.1955
80,980,821,262734.6408
80,990,831,225080.043
80,1000,841,193464.9181
90,360,181,9.426174730315038e+23
90,370,191,1.5293944546806483e+23
90,380,201,2.756703758407843e+22
90,390,211,5.475117371320124e+21
90,400,221,1.1893246141959934e+21
90,410,231,2.80656532033267e+20
90,420,241,7.1506644265393095e+19
90,430,251,1.9560567645845463e+19
90,440,261,5.715612178714009e+18
90,450,271,1.7756880598987313e+18
90,460,281,5.840425884370344e+17
90,470,291,2.025841250751952e+17
90,480,301,7.384158040841693e+16
90,490,311,2.8191074059812364e+16
90,500,321,1.123916773575746e+16
90,510,331,4666280022074989.0
90,520,341,2012423037695562.0
90,530,351,899422926947673.2
90,540,361,415688329756386.0
90,550,371,198273851394836.16
90,560,381,97421856595016.39
90,570,391,49226576795340.15
90,580,401,25539252497112.023
90,590,411,13584526287297.867
90,600,421,7398032619371.327
90,610,431,4119765034487.512
90,620,441,2343149938516.224
90,630,451,1359630546850.5479
90,640,461,804060449258.4843
90,650,471,484157438723.9494
90,660,481,296568413134.3098
90,670,491,184645520939.6231
90,680,501,116757967510.2413
90,690,511,74928613191.5173
90,700,521,48766492766.4294
90,710,531,32168104942.8664
90,720,541,21492845300.8568
90,730,551,14537069040.2201
90,740,561,9948070802.3138
90,750,571,6884272406.6793
90,760,581,4815318953.2218
90,770,591,3402845912.0172
90,780,601,2428415613.9809
90,790,611,1749406492.6092
90,800,621,1271681690.2564
90,810,631,932455111.5248
90,820,641,689428847.8327
90,830,651,513831726.3485
90,840,661,385911351.9201
90,850,671,291985589.2885
90,860,681,222495362.7625
90,870,691,170706736.818
90,880,701,131838005.5411
90,890,711,102467533.4389
90,900,721,80128692.6908
90,910,731,63030547.1086
90,920,741,49863745.8136
90,930,751,39664616.889
90,940,761,31719318.446
90,950,771,25495765.068
90,960,781,20594951.91
90,970,791,16715919.9468
90,980,801,13630378.8171
90,990,811,11164211.6326
90,1000,821,9183914.8558
100,400,201,5.310076820298377e+26
100,410,211,8.562440051722136e+25
100,420,221,1.5190627118367752e+25
100,430,231,2.945178624913551e+24
100,440,241,6.201886163241556e+23
100,450,251,1.410429743847091e+23
100,460,261,3.446158835811654e+22
100,470,271,9.003251619171559e+21
100,480,281,2.5040036238329575e+21
100,490,291,7.383892952618429e+20
100,500,301,2.300026064390054e+20
100,510,311,7.541981073894492e+19
100,520,321,2.595177010312571e+19
100,530,331,9.343422419300714e+18
100,540,341,3.510159679507494e+18
100,550,351,1.3725925258158643e+18
100,560,361,5.5736825711068806e+17
100,570,371,2.3452753071763254e+17
100,580,381,1.0205365593853043e+17
100,590,391,4.583950877950371e+16
100,600,401,2.121669800256427e+16
100,610,411,1.010284182529897e+16
100,620,421,4941811431407370.0
100,630,431,2479694843302482.5
100,640,441,1274713385262963.5
100,650,451,670500195182581.6
100,660,461,360463502966476.8
100,670,471,197849620944632.12
100,680,481,110760606427411.0
100,690,491,63183430837209.35
100,700,501,36694875061977.21
100,710,511,21678619879015.625
100,720,521,13017961517596.018
100,730,531,7940000226954.747
100,740,541,4915455537120.947
100,750,551,3086665109658.2646
100,760,561,1964855043965.9548
100,770,571,1267168843507.8694
100,780,581,827490555068.748
100,790,591,546878442980.7218
100,800,601,365598583996.6435
100,810,611,247116774970.4294
100,820,621,168807858488.8938
100,830,631,116491549694.6857
100,840,641,81177456169.8146
100,850,651,57102135838.946
100,860,661,40531250236.8412
100,870,671,29020233261.3993
100,880,681,20952931320.0216
100,890,691,15250644708.8371
100,900,701,11186753346.7925
100,910,711,8267444809.2925
100,920,721,6154241512.1727
100,930,731,4613215112.2342
100,940,741,3481399068.1015
100,950,751,2644384451.2505
100,960,761,2021251295.4567
100,970,771,1554352275.0462
100,980,781,1202332353.54
100,990,791,935323545.8579
100,1000,801,731612923.1527
